antecedents,consequents,antecedent support,consequent support,support,confidence,lift,leverage,conviction
frozenset({'blue'}),frozenset({'white'}),0.5454545454545454,0.6363636363636364,0.36363636363636365,0.6666666666666667,1.0476190476190477,0.016528925619834767,1.0909090909090913
frozenset({'red'}),frozenset({'blue'}),0.5454545454545454,0.5454545454545454,0.36363636363636365,0.6666666666666667,1.2222222222222225,0.0661157024793389,1.363636363636364
"frozenset({'orange', 'red'})",frozenset({'white'}),0.09090909090909091,0.6363636363636364,0.09090909090909091,1.0,1.5714285714285714,0.03305785123966942,inf
"frozenset({'green', 'red'})",frozenset({'white'}),0.09090909090909091,0.6363636363636364,0.09090909090909091,1.0,1.5714285714285714,0.03305785123966942,inf
frozenset({'orange'}),frozenset({'white'}),0.18181818181818182,0.6363636363636364,0.18181818181818182,1.0,1.5714285714285714,0.06611570247933884,inf
frozenset({'red'}),frozenset({'white'}),0.5454545454545454,0.6363636363636364,0.36363636363636365,0.6666666666666667,1.0476190476190477,0.016528925619834767,1.0909090909090913
